Account ID,Subject,Body,Spam Label,Email Length,Number of Links
user1@mail.com,Subject 1,Body content for email 1. Check this link: http://example.com/1,0,63,1
user2@mail.com,Subject 2,Body content for email 2. Check this link: http://example.com/2,1,63,1
user3@mail.com,Subject 3,Body content for email 3. Check this link: http://example.com/3,1,63,1
user4@mail.com,Subject 4,Body content for email 4. Check this link: http://example.com/4,0,63,1
user5@mail.com,Subject 5,Body content for email 5. Check this link: http://example.com/5,0,63,1
user6@mail.com,Subject 6,Body content for email 6. Check this link: http://example.com/6,0,63,1
user7@mail.com,Subject 7,Body content for email 7. Check this link: http://example.com/7,0,63,1
user8@mail.com,Subject 8,Body content for email 8. Check this link: http://example.com/8,1,63,1
user9@mail.com,Subject 9,Body content for email 9. Check this link: http://example.com/9,0,63,1
user10@mail.com,Subject 10,Body content for email 10. Check this link: http://example.com/10,1,65,1
user11@mail.com,Subject 11,Body content for email 11. Check this link: http://example.com/11,0,65,1
user12@mail.com,Subject 12,Body content for email 12. Check this link: http://example.com/12,1,65,1
user13@mail.com,Subject 13,Body content for email 13. Check this link: http://example.com/13,1,65,1
user14@mail.com,Subject 14,Body content for email 14. Check this link: http://example.com/14,0,65,1
user15@mail.com,Subject 15,Body content for email 15. Check this link: http://example.com/15,0,65,1
user16@mail.com,Subject 16,Body content for email 16. Check this link: http://example.com/16,0,65,1
user17@mail.com,Subject 17,Body content for email 17. Check this link: http://example.com/17,0,65,1
user18@mail.com,Subject 18,Body content for email 18. Check this link: http://example.com/18,0,65,1
user19@mail.com,Subject 19,Body content for email 19. Check this link: http://example.com/19,0,65,1
user20@mail.com,Subject 20,Body content for email 20. Check this link: http://example.com/20,0,65,1
user21@mail.com,Subject 21,Body content for email 21. Check this link: http://example.com/21,0,65,1
user22@mail.com,Subject 22,Body content for email 22. Check this link: http://example.com/22,0,65,1
user23@mail.com,Subject 23,Body content for email 23. Check this link: http://example.com/23,0,65,1
user24@mail.com,Subject 24,Body content for email 24. Check this link: http://example.com/24,0,65,1
user25@mail.com,Subject 25,Body content for email 25. Check this link: http://example.com/25,0,65,1
user26@mail.com,Subject 26,Body content for email 26. Check this link: http://example.com/26,1,65,1
user27@mail.com,Subject 27,Body content for email 27. Check this link: http://example.com/27,0,65,1
user28@mail.com,Subject 28,Body content for email 28. Check this link: http://example.com/28,0,65,1
user29@mail.com,Subject 29,Body content for email 29. Check this link: http://example.com/29,0,65,1
user30@mail.com,Subject 30,Body content for email 30. Check this link: http://example.com/30,0,65,1
user31@mail.com,Subject 31,Body content for email 31. Check this link: http://example.com/31,0,65,1
user32@mail.com,Subject 32,Body content for email 32. Check this link: http://example.com/32,0,65,1
user33@mail.com,Subject 33,Body content for email 33. Check this link: http://example.com/33,0,65,1
user34@mail.com,Subject 34,Body content for email 34. Check this link: http://example.com/34,1,65,1
user35@mail.com,Subject 35,Body content for email 35. Check this link: http://example.com/35,1,65,1
user36@mail.com,Subject 36,Body content for email 36. Check this link: http://example.com/36,1,65,1
user37@mail.com,Subject 37,Body content for email 37. Check this link: http://example.com/37,0,65,1
user38@mail.com,Subject 38,Body content for email 38. Check this link: http://example.com/38,0,65,1
user39@mail.com,Subject 39,Body content for email 39. Check this link: http://example.com/39,0,65,1
user40@mail.com,Subject 40,Body content for email 40. Check this link: http://example.com/40,0,65,1
user41@mail.com,Subject 41,Body content for email 41. Check this link: http://example.com/41,0,65,1
user42@mail.com,Subject 42,Body content for email 42. Check this link: http://example.com/42,0,65,1
user43@mail.com,Subject 43,Body content for email 43. Check this link: http://example.com/43,0,65,1
user44@mail.com,Subject 44,Body content for email 44. Check this link: http://example.com/44,1,65,1
user45@mail.com,Subject 45,Body content for email 45. Check this link: http://example.com/45,0,65,1
user46@mail.com,Subject 46,Body content for email 46. Check this link: http://example.com/46,0,65,1
user47@mail.com,Subject 47,Body content for email 47. Check this link: http://example.com/47,0,65,1
user48@mail.com,Subject 48,Body content for email 48. Check this link: http://example.com/48,0,65,1
user49@mail.com,Subject 49,Body content for email 49. Check this link: http://example.com/49,0,65,1
user50@mail.com,Subject 50,Body content for email 50. Check this link: http://example.com/50,0,65,1
user51@mail.com,Subject 51,Body content for email 51. Check this link: http://example.com/51,1,65,1
user52@mail.com,Subject 52,Body content for email 52. Check this link: http://example.com/52,1,65,1
user53@mail.com,Subject 53,Body content for email 53. Check this link: http://example.com/53,1,65,1
user54@mail.com,Subject 54,Body content for email 54. Check this link: http://example.com/54,1,65,1
user55@mail.com,Subject 55,Body content for email 55. Check this link: http://example.com/55,0,65,1
user56@mail.com,Subject 56,Body content for email 56. Check this link: http://example.com/56,1,65,1
user57@mail.com,Subject 57,Body content for email 57. Check this link: http://example.com/57,0,65,1
user58@mail.com,Subject 58,Body content for email 58. Check this link: http://example.com/58,0,65,1
user59@mail.com,Subject 59,Body content for email 59. Check this link: http://example.com/59,0,65,1
user60@mail.com,Subject 60,Body content for email 60. Check this link: http://example.com/60,0,65,1
user61@mail.com,Subject 61,Body content for email 61. Check this link: http://example.com/61,0,65,1
user62@mail.com,Subject 62,Body content for email 62. Check this link: http://example.com/62,0,65,1
user63@mail.com,Subject 63,Body content for email 63. Check this link: http://example.com/63,1,65,1
user64@mail.com,Subject 64,Body content for email 64. Check this link: http://example.com/64,0,65,1
user65@mail.com,Subject 65,Body content for email 65. Check this link: http://example.com/65,0,65,1
user66@mail.com,Subject 66,Body content for email 66. Check this link: http://example.com/66,0,65,1
user67@mail.com,Subject 67,Body content for email 67. Check this link: http://example.com/67,0,65,1
user68@mail.com,Subject 68,Body content for email 68. Check this link: http://example.com/68,1,65,1
user69@mail.com,Subject 69,Body content for email 69. Check this link: http://example.com/69,0,65,1
user70@mail.com,Subject 70,Body content for email 70. Check this link: http://example.com/70,1,65,1
user71@mail.com,Subject 71,Body content for email 71. Check this link: http://example.com/71,1,65,1
user72@mail.com,Subject 72,Body content for email 72. Check this link: http://example.com/72,0,65,1
user73@mail.com,Subject 73,Body content for email 73. Check this link: http://example.com/73,0,65,1
user74@mail.com,Subject 74,Body content for email 74. Check this link: http://example.com/74,1,65,1
user75@mail.com,Subject 75,Body content for email 75. Check this link: http://example.com/75,1,65,1
user76@mail.com,Subject 76,Body content for email 76. Check this link: http://example.com/76,1,65,1
user77@mail.com,Subject 77,Body content for email 77. Check this link: http://example.com/77,1,65,1
user78@mail.com,Subject 78,Body content for email 78. Check this link: http://example.com/78,0,65,1
user79@mail.com,Subject 79,Body content for email 79. Check this link: http://example.com/79,0,65,1
user80@mail.com,Subject 80,Body content for email 80. Check this link: http://example.com/80,0,65,1
user81@mail.com,Subject 81,Body content for email 81. Check this link: http://example.com/81,1,65,1
user82@mail.com,Subject 82,Body content for email 82. Check this link: http://example.com/82,0,65,1
user83@mail.com,Subject 83,Body content for email 83. Check this link: http://example.com/83,0,65,1
user84@mail.com,Subject 84,Body content for email 84. Check this link: http://example.com/84,0,65,1
user85@mail.com,Subject 85,Body content for email 85. Check this link: http://example.com/85,0,65,1
user86@mail.com,Subject 86,Body content for email 86. Check this link: http://example.com/86,0,65,1
user87@mail.com,Subject 87,Body content for email 87. Check this link: http://example.com/87,1,65,1
user88@mail.com,Subject 88,Body content for email 88. Check this link: http://example.com/88,0,65,1
user89@mail.com,Subject 89,Body content for email 89. Check this link: http://example.com/89,1,65,1
user90@mail.com,Subject 90,Body content for email 90. Check this link: http://example.com/90,0,65,1
user91@mail.com,Subject 91,Body content for email 91. Check this link: http://example.com/91,0,65,1
user92@mail.com,Subject 92,Body content for email 92. Check this link: http://example.com/92,1,65,1
user93@mail.com,Subject 93,Body content for email 93. Check this link: http://example.com/93,1,65,1
user94@mail.com,Subject 94,Body content for email 94. Check this link: http://example.com/94,0,65,1
user95@mail.com,Subject 95,Body content for email 95. Check this link: http://example.com/95,1,65,1
user96@mail.com,Subject 96,Body content for email 96. Check this link: http://example.com/96,0,65,1
user97@mail.com,Subject 97,Body content for email 97. Check this link: http://example.com/97,0,65,1
user98@mail.com,Subject 98,Body content for email 98. Check this link: http://example.com/98,0,65,1
user99@mail.com,Subject 99,Body content for email 99. Check this link: http://example.com/99,0,65,1
user100@mail.com,Subject 100,Body content for email 100. Check this link: http://example.com/100,0,67,1
user101@mail.com,Subject 101,Body content for email 101. Check this link: http://example.com/101,0,67,1
user102@mail.com,Subject 102,Body content for email 102. Check this link: http://example.com/102,0,67,1
user103@mail.com,Subject 103,Body content for email 103. Check this link: http://example.com/103,0,67,1
user104@mail.com,Subject 104,Body content for email 104. Check this link: http://example.com/104,0,67,1
user105@mail.com,Subject 105,Body content for email 105. Check this link: http://example.com/105,1,67,1
user106@mail.com,Subject 106,Body content for email 106. Check this link: http://example.com/106,0,67,1
user107@mail.com,Subject 107,Body content for email 107. Check this link: http://example.com/107,0,67,1
user108@mail.com,Subject 108,Body content for email 108. Check this link: http://example.com/108,1,67,1
user109@mail.com,Subject 109,Body content for email 109. Check this link: http://example.com/109,0,67,1
user110@mail.com,Subject 110,Body content for email 110. Check this link: http://example.com/110,0,67,1
user111@mail.com,Subject 111,Body content for email 111. Check this link: http://example.com/111,0,67,1
user112@mail.com,Subject 112,Body content for email 112. Check this link: http://example.com/112,0,67,1
user113@mail.com,Subject 113,Body content for email 113. Check this link: http://example.com/113,1,67,1
user114@mail.com,Subject 114,Body content for email 114. Check this link: http://example.com/114,1,67,1
user115@mail.com,Subject 115,Body content for email 115. Check this link: http://example.com/115,0,67,1
user116@mail.com,Subject 116,Body content for email 116. Check this link: http://example.com/116,1,67,1
user117@mail.com,Subject 117,Body content for email 117. Check this link: http://example.com/117,1,67,1
user118@mail.com,Subject 118,Body content for email 118. Check this link: http://example.com/118,0,67,1
user119@mail.com,Subject 119,Body content for email 119. Check this link: http://example.com/119,1,67,1
user120@mail.com,Subject 120,Body content for email 120. Check this link: http://example.com/120,0,67,1
user121@mail.com,Subject 121,Body content for email 121. Check this link: http://example.com/121,1,67,1
user122@mail.com,Subject 122,Body content for email 122. Check this link: http://example.com/122,1,67,1
user123@mail.com,Subject 123,Body content for email 123. Check this link: http://example.com/123,0,67,1
user124@mail.com,Subject 124,Body content for email 124. Check this link: http://example.com/124,0,67,1
user125@mail.com,Subject 125,Body content for email 125. Check this link: http://example.com/125,0,67,1
user126@mail.com,Subject 126,Body content for email 126. Check this link: http://example.com/126,0,67,1
user127@mail.com,Subject 127,Body content for email 127. Check this link: http://example.com/127,1,67,1
user128@mail.com,Subject 128,Body content for email 128. Check this link: http://example.com/128,1,67,1
user129@mail.com,Subject 129,Body content for email 129. Check this link: http://example.com/129,0,67,1
user130@mail.com,Subject 130,Body content for email 130. Check this link: http://example.com/130,0,67,1
user131@mail.com,Subject 131,Body content for email 131. Check this link: http://example.com/131,0,67,1
user132@mail.com,Subject 132,Body content for email 132. Check this link: http://example.com/132,0,67,1
user133@mail.com,Subject 133,Body content for email 133. Check this link: http://example.com/133,0,67,1
user134@mail.com,Subject 134,Body content for email 134. Check this link: http://example.com/134,0,67,1
user135@mail.com,Subject 135,Body content for email 135. Check this link: http://example.com/135,1,67,1
user136@mail.com,Subject 136,Body content for email 136. Check this link: http://example.com/136,0,67,1
user137@mail.com,Subject 137,Body content for email 137. Check this link: http://example.com/137,0,67,1
user138@mail.com,Subject 138,Body content for email 138. Check this link: http://example.com/138,1,67,1
user139@mail.com,Subject 139,Body content for email 139. Check this link: http://example.com/139,0,67,1
user140@mail.com,Subject 140,Body content for email 140. Check this link: http://example.com/140,1,67,1
user141@mail.com,Subject 141,Body content for email 141. Check this link: http://example.com/141,1,67,1
user142@mail.com,Subject 142,Body content for email 142. Check this link: http://example.com/142,0,67,1
user143@mail.com,Subject 143,Body content for email 143. Check this link: http://example.com/143,0,67,1
user144@mail.com,Subject 144,Body content for email 144. Check this link: http://example.com/144,0,67,1
user145@mail.com,Subject 145,Body content for email 145. Check this link: http://example.com/145,0,67,1
user146@mail.com,Subject 146,Body content for email 146. Check this link: http://example.com/146,0,67,1
user147@mail.com,Subject 147,Body content for email 147. Check this link: http://example.com/147,0,67,1
user148@mail.com,Subject 148,Body content for email 148. Check this link: http://example.com/148,0,67,1
user149@mail.com,Subject 149,Body content for email 149. Check this link: http://example.com/149,0,67,1
user150@mail.com,Subject 150,Body content for email 150. Check this link: http://example.com/150,0,67,1
user151@mail.com,Subject 151,Body content for email 151. Check this link: http://example.com/151,1,67,1
user152@mail.com,Subject 152,Body content for email 152. Check this link: http://example.com/152,0,67,1
user153@mail.com,Subject 153,Body content for email 153. Check this link: http://example.com/153,0,67,1
user154@mail.com,Subject 154,Body content for email 154. Check this link: http://example.com/154,0,67,1
user155@mail.com,Subject 155,Body content for email 155. Check this link: http://example.com/155,1,67,1
user156@mail.com,Subject 156,Body content for email 156. Check this link: http://example.com/156,0,67,1
user157@mail.com,Subject 157,Body content for email 157. Check this link: http://example.com/157,0,67,1
user158@mail.com,Subject 158,Body content for email 158. Check this link: http://example.com/158,1,67,1
user159@mail.com,Subject 159,Body content for email 159. Check this link: http://example.com/159,0,67,1
user160@mail.com,Subject 160,Body content for email 160. Check this link: http://example.com/160,1,67,1
user161@mail.com,Subject 161,Body content for email 161. Check this link: http://example.com/161,0,67,1
user162@mail.com,Subject 162,Body content for email 162. Check this link: http://example.com/162,0,67,1
user163@mail.com,Subject 163,Body content for email 163. Check this link: http://example.com/163,0,67,1
user164@mail.com,Subject 164,Body content for email 164. Check this link: http://example.com/164,0,67,1
user165@mail.com,Subject 165,Body content for email 165. Check this link: http://example.com/165,0,67,1
user166@mail.com,Subject 166,Body content for email 166. Check this link: http://example.com/166,1,67,1
user167@mail.com,Subject 167,Body content for email 167. Check this link: http://example.com/167,0,67,1
user168@mail.com,Subject 168,Body content for email 168. Check this link: http://example.com/168,0,67,1
user169@mail.com,Subject 169,Body content for email 169. Check this link: http://example.com/169,0,67,1
user170@mail.com,Subject 170,Body content for email 170. Check this link: http://example.com/170,0,67,1
user171@mail.com,Subject 171,Body content for email 171. Check this link: http://example.com/171,0,67,1
user172@mail.com,Subject 172,Body content for email 172. Check this link: http://example.com/172,0,67,1
user173@mail.com,Subject 173,Body content for email 173. Check this link: http://example.com/173,0,67,1
user174@mail.com,Subject 174,Body content for email 174. Check this link: http://example.com/174,0,67,1
user175@mail.com,Subject 175,Body content for email 175. Check this link: http://example.com/175,0,67,1
user176@mail.com,Subject 176,Body content for email 176. Check this link: http://example.com/176,0,67,1
user177@mail.com,Subject 177,Body content for email 177. Check this link: http://example.com/177,0,67,1
user178@mail.com,Subject 178,Body content for email 178. Check this link: http://example.com/178,0,67,1
user179@mail.com,Subject 179,Body content for email 179. Check this link: http://example.com/179,1,67,1
user180@mail.com,Subject 180,Body content for email 180. Check this link: http://example.com/180,0,67,1
user181@mail.com,Subject 181,Body content for email 181. Check this link: http://example.com/181,0,67,1
user182@mail.com,Subject 182,Body content for email 182. Check this link: http://example.com/182,0,67,1
user183@mail.com,Subject 183,Body content for email 183. Check this link: http://example.com/183,1,67,1
user184@mail.com,Subject 184,Body content for email 184. Check this link: http://example.com/184,1,67,1
user185@mail.com,Subject 185,Body content for email 185. Check this link: http://example.com/185,0,67,1
user186@mail.com,Subject 186,Body content for email 186. Check this link: http://example.com/186,0,67,1
user187@mail.com,Subject 187,Body content for email 187. Check this link: http://example.com/187,1,67,1
user188@mail.com,Subject 188,Body content for email 188. Check this link: http://example.com/188,0,67,1
user189@mail.com,Subject 189,Body content for email 189. Check this link: http://example.com/189,0,67,1
user190@mail.com,Subject 190,Body content for email 190. Check this link: http://example.com/190,0,67,1
user191@mail.com,Subject 191,Body content for email 191. Check this link: http://example.com/191,0,67,1
user192@mail.com,Subject 192,Body content for email 192. Check this link: http://example.com/192,1,67,1
user193@mail.com,Subject 193,Body content for email 193. Check this link: http://example.com/193,1,67,1
user194@mail.com,Subject 194,Body content for email 194. Check this link: http://example.com/194,0,67,1
user195@mail.com,Subject 195,Body content for email 195. Check this link: http://example.com/195,0,67,1
user196@mail.com,Subject 196,Body content for email 196. Check this link: http://example.com/196,0,67,1
user197@mail.com,Subject 197,Body content for email 197. Check this link: http://example.com/197,1,67,1
user198@mail.com,Subject 198,Body content for email 198. Check this link: http://example.com/198,1,67,1
user199@mail.com,Subject 199,Body content for email 199. Check this link: http://example.com/199,1,67,1
user200@mail.com,Subject 200,Body content for email 200. Check this link: http://example.com/200,1,67,1
